,Pclass_n,Sex_n,Age_n,Ticket_n,Fare_n,Survived
0,2.0,1.0,28.0,523.0,18.0,
1,0.0,0.0,51.0,596.0,207.0,
2,2.0,0.0,34.0,669.0,41.0,
3,0.0,0.0,47.0,49.0,189.0,
4,2.0,1.0,47.0,472.0,43.0,
5,2.0,1.0,88.0,275.0,51.0,
6,0.0,1.0,69.0,85.0,186.0,
7,2.0,1.0,6.0,395.0,124.0,
8,2.0,0.0,35.0,344.0,74.0,
9,1.0,0.0,18.0,132.0,154.0,
10,2.0,0.0,8.0,616.0,110.0,
11,0.0,0.0,74.0,38.0,143.0,
12,2.0,1.0,25.0,535.0,43.0,
13,2.0,1.0,52.0,333.0,158.0,
14,2.0,0.0,18.0,413.0,36.0,
15,1.0,0.0,70.0,153.0,108.0,
16,2.0,1.0,6.0,480.0,151.0,
17,1.0,1.0,88.0,151.0,85.0,
18,2.0,0.0,41.0,301.0,113.0,
19,2.0,0.0,88.0,184.0,16.0,
20,1.0,1.0,47.0,139.0,138.0,
21,1.0,1.0,45.0,152.0,85.0,
22,2.0,0.0,20.0,278.0,42.0,
23,0.0,1.0,36.0,42.0,168.0,
24,2.0,0.0,12.0,395.0,124.0,
25,2.0,0.0,51.0,329.0,159.0,
26,2.0,1.0,88.0,179.0,16.0,
27,0.0,1.0,24.0,95.0,246.0,
28,2.0,0.0,88.0,283.0,38.0,
29,2.0,1.0,88.0,362.0,40.0,
30,0.0,1.0,53.0,598.0,145.0,
31,0.0,0.0,88.0,586.0,236.0,
32,2.0,0.0,88.0,288.0,30.0,
33,1.0,1.0,82.0,549.0,72.0,
34,0.0,1.0,36.0,600.0,220.0,
35,0.0,1.0,56.0,43.0,187.0,
36,2.0,1.0,88.0,202.0,17.0,
37,2.0,1.0,27.0,514.0,43.0,
38,2.0,0.0,23.0,302.0,113.0,
39,2.0,0.0,18.0,186.0,75.0,
40,2.0,0.0,53.0,507.0,62.0,
41,1.0,0.0,35.0,53.0,123.0,
42,2.0,1.0,88.0,391.0,40.0,
43,1.0,0.0,7.0,634.0,177.0,
44,2.0,0.0,24.0,282.0,38.0,
45,2.0,1.0,88.0,617.0,43.0,
46,2.0,1.0,88.0,462.0,102.0,
47,2.0,0.0,88.0,76.0,30.0,
48,2.0,1.0,88.0,190.0,125.0,
49,2.0,0.0,23.0,377.0,112.0,
50,2.0,1.0,11.0,249.0,175.0,
51,2.0,1.0,27.0,522.0,34.0,
52,0.0,0.0,64.0,587.0,211.0,
53,1.0,0.0,38.0,239.0,138.0,
54,0.0,1.0,81.0,29.0,200.0,
55,0.0,1.0,88.0,94.0,168.0,
56,1.0,0.0,27.0,555.0,72.0,
57,2.0,1.0,37.0,215.0,17.0,
58,1.0,0.0,9.0,561.0,146.0,
59,2.0,1.0,15.0,566.0,179.0,
60,2.0,1.0,28.0,197.0,17.0,
61,0.0,0.0,51.0,32.0,218.0,
62,0.0,1.0,59.0,457.0,222.0,
63,2.0,1.0,8.0,337.0,147.0,
64,0.0,1.0,88.0,601.0,145.0,
65,2.0,1.0,88.0,189.0,101.0,
66,1.0,0.0,38.0,553.0,72.0,
67,2.0,1.0,24.0,623.0,46.0,
68,2.0,0.0,22.0,248.0,41.0,
69,2.0,1.0,34.0,270.0,54.0,
70,1.0,1.0,42.0,557.0,72.0,
71,2.0,0.0,21.0,566.0,179.0,
72,1.0,1.0,27.0,621.0,208.0,
73,2.0,1.0,34.0,204.0,94.0,
74,2.0,1.0,42.0,80.0,193.0,
75,2.0,1.0,33.0,347.0,24.0,
76,2.0,1.0,88.0,355.0,40.0,
77,2.0,1.0,88.0,473.0,43.0,
78,1.0,1.0,3.0,158.0,150.0,
79,2.0,0.0,39.0,432.0,81.0,
80,2.0,1.0,28.0,304.0,58.0,
81,2.0,1.0,38.0,311.0,64.0,
82,2.0,0.0,88.0,280.0,32.0,
83,0.0,1.0,36.0,25.0,180.0,
84,1.0,0.0,22.0,637.0,72.0,
85,2.0,0.0,44.0,247.0,106.0,
86,2.0,1.0,21.0,676.0,165.0,
87,2.0,1.0,88.0,652.0,43.0,
88,0.0,0.0,29.0,95.0,246.0,
89,2.0,1.0,31.0,297.0,43.0,
90,2.0,1.0,38.0,298.0,43.0,
91,2.0,1.0,25.0,341.0,36.0,
92,0.0,1.0,61.0,678.0,198.0,
93,2.0,1.0,34.0,548.0,122.0,
94,2.0,1.0,75.0,428.0,18.0,
95,2.0,1.0,88.0,475.0,43.0,
96,0.0,1.0,85.0,607.0,166.0,
97,0.0,1.0,29.0,612.0,201.0,
98,1.0,0.0,45.0,117.0,129.0,
99,1.0,1.0,45.0,150.0,138.0,
100,2.0,0.0,36.0,384.0,40.0,
101,2.0,1.0,88.0,361.0,40.0,
102,0.0,1.0,27.0,417.0,212.0,
103,2.0,1.0,44.0,505.0,53.0,
104,2.0,1.0,50.0,245.0,41.0,
105,2.0,1.0,36.0,354.0,40.0,
106,2.0,0.0,27.0,296.0,24.0,
107,2.0,1.0,88.0,254.0,31.0,
108,2.0,1.0,51.0,388.0,40.0,
109,2.0,0.0,88.0,469.0,133.0,
110,0.0,1.0,62.0,2.0,187.0,
111,2.0,0.0,19.0,193.0,94.0,
112,2.0,1.0,28.0,274.0,43.0,
113,2.0,0.0,25.0,491.0,66.0,
114,2.0,0.0,22.0,176.0,95.0,
115,2.0,1.0,27.0,666.0,41.0,
116,2.0,1.0,84.0,460.0,30.0,
117,1.0,1.0,38.0,53.0,123.0,
118,0.0,1.0,31.0,585.0,244.0,
119,2.0,0.0,6.0,333.0,158.0,
120,1.0,1.0,27.0,621.0,208.0,
121,2.0,1.0,88.0,540.0,43.0,
122,1.0,1.0,43.0,132.0,154.0,
123,1.0,0.0,43.0,219.0,85.0,
124,0.0,1.0,69.0,417.0,212.0,
125,2.0,1.0,16.0,186.0,75.0,
126,2.0,1.0,88.0,463.0,30.0,
127,2.0,1.0,31.0,541.0,15.0,
128,2.0,0.0,88.0,196.0,127.0,
129,2.0,1.0,59.0,318.0,10.0,
130,2.0,1.0,44.0,380.0,40.0,
131,2.0,1.0,25.0,640.0,12.0,
132,2.0,0.0,62.0,537.0,96.0,
133,1.0,0.0,38.0,111.0,138.0,
134,1.0,1.0,33.0,552.0,85.0,
135,1.0,1.0,29.0,630.0,98.0,
136,0.0,0.0,24.0,55.0,140.0,
137,0.0,1.0,50.0,49.0,189.0,
138,2.0,1.0,21.0,504.0,59.0,
139,0.0,1.0,31.0,592.0,216.0,
140,2.0,0.0,88.0,203.0,101.0,
141,2.0,0.0,28.0,332.0,30.0,
142,2.0,0.0,31.0,668.0,106.0,
143,2.0,1.0,24.0,438.0,7.0,
144,1.0,1.0,23.0,118.0,76.0,
145,1.0,1.0,24.0,558.0,169.0,
146,2.0,1.0,35.0,405.0,33.0,
147,2.0,0.0,13.0,676.0,165.0,
148,1.0,1.0,49.0,113.0,138.0,
149,1.0,1.0,56.0,147.0,85.0,
150,1.0,1.0,66.0,622.0,82.0,
151,0.0,0.0,28.0,36.0,203.0,
152,2.0,1.0,71.0,516.0,43.0,
153,2.0,1.0,54.0,538.0,96.0,
154,2.0,1.0,88.0,573.0,19.0,
155,0.0,1.0,66.0,595.0,199.0,
156,2.0,0.0,21.0,418.0,27.0,
157,2.0,1.0,39.0,654.0,43.0,
158,2.0,1.0,88.0,258.0,54.0,
159,2.0,1.0,88.0,568.0,205.0,
160,2.0,1.0,58.0,470.0,109.0,
161,1.0,0.0,53.0,559.0,105.0,
162,2.0,1.0,34.0,323.0,31.0,
163,2.0,1.0,22.0,265.0,54.0,
164,2.0,1.0,5.0,249.0,175.0,
165,2.0,1.0,13.0,423.0,121.0,
166,0.0,0.0,88.0,28.0,190.0,
167,2.0,0.0,59.0,337.0,147.0,
168,0.0,1.0,88.0,576.0,136.0,
169,2.0,1.0,36.0,80.0,193.0,
170,0.0,1.0,77.0,5.0,163.0,
171,2.0,1.0,8.0,480.0,151.0,
172,2.0,0.0,5.0,344.0,74.0,
173,2.0,1.0,27.0,659.0,41.0,
174,0.0,1.0,72.0,90.0,156.0,
175,2.0,1.0,23.0,412.0,36.0,
176,2.0,1.0,88.0,488.0,134.0,
177,0.0,0.0,65.0,593.0,149.0,
178,1.0,1.0,39.0,169.0,85.0,
179,2.0,1.0,48.0,574.0,0.0,
180,2.0,0.0,88.0,568.0,205.0,
181,1.0,1.0,88.0,629.0,99.0,
182,2.0,1.0,13.0,329.0,159.0,
183,1.0,1.0,5.0,114.0,172.0,
184,2.0,0.0,8.0,271.0,126.0,
185,0.0,1.0,88.0,34.0,183.0,
186,2.0,0.0,88.0,459.0,102.0,
187,0.0,1.0,59.0,11.0,143.0,
188,2.0,1.0,53.0,435.0,102.0,
189,2.0,1.0,48.0,386.0,40.0,
190,1.0,0.0,42.0,122.0,85.0,
191,1.0,1.0,24.0,227.0,85.0,
192,2.0,0.0,24.0,406.0,36.0,
193,1.0,1.0,7.0,113.0,138.0,
194,0.0,0.0,58.0,604.0,145.0,
195,0.0,0.0,74.0,586.0,236.0,
196,2.0,1.0,88.0,452.0,30.0,
197,2.0,1.0,56.0,494.0,49.0,
198,2.0,0.0,88.0,461.0,30.0,
199,1.0,0.0,31.0,160.0,85.0,
200,2.0,1.0,36.0,306.0,64.0,
201,2.0,1.0,88.0,568.0,205.0,
202,2.0,1.0,45.0,242.0,6.0,
203,2.0,1.0,60.0,177.0,16.0,
204,2.0,1.0,23.0,530.0,43.0,
205,2.0,0.0,6.0,316.0,71.0,
206,2.0,1.0,42.0,247.0,106.0,
207,2.0,1.0,34.0,216.0,115.0,
208,2.0,0.0,21.0,445.0,30.0,
209,0.0,1.0,53.0,17.0,157.0,
210,2.0,1.0,31.0,642.0,12.0,
211,1.0,0.0,47.0,570.0,123.0,
212,2.0,1.0,28.0,526.0,18.0,
213,1.0,1.0,39.0,163.0,85.0,
214,2.0,1.0,88.0,443.0,30.0,
215,0.0,0.0,41.0,416.0,231.0,
216,2.0,0.0,35.0,670.0,41.0,
217,1.0,1.0,56.0,142.0,144.0,
218,0.0,0.0,42.0,63.0,210.0,
219,1.0,1.0,39.0,679.0,72.0,
220,2.0,1.0,21.0,653.0,43.0,
221,1.0,1.0,35.0,105.0,85.0,
222,2.0,1.0,66.0,102.0,43.0,
223,2.0,1.0,88.0,375.0,40.0,
224,0.0,1.0,51.0,93.0,225.0,
225,2.0,1.0,28.0,615.0,61.0,
226,1.0,1.0,24.0,672.0,72.0,
227,2.0,1.0,26.0,525.0,18.0,
228,1.0,1.0,23.0,125.0,85.0,
229,2.0,0.0,88.0,488.0,134.0,
230,0.0,0.0,47.0,457.0,222.0,
231,2.0,1.0,38.0,322.0,31.0,
232,1.0,1.0,75.0,128.0,87.0,
233,2.0,0.0,9.0,329.0,159.0,
234,1.0,1.0,31.0,554.0,72.0,
235,2.0,0.0,88.0,677.0,22.0,
236,1.0,1.0,58.0,198.0,138.0,
237,1.0,0.0,12.0,556.0,139.0,
238,1.0,1.0,24.0,231.0,72.0,
239,1.0,1.0,44.0,636.0,78.0,
240,2.0,0.0,88.0,193.0,94.0,
241,2.0,0.0,88.0,444.0,102.0,
242,1.0,1.0,38.0,674.0,72.0,
243,2.0,1.0,28.0,658.0,14.0,
244,2.0,1.0,39.0,213.0,16.0,
245,0.0,1.0,58.0,92.0,225.0,
246,2.0,0.0,33.0,325.0,31.0,
247,1.0,0.0,31.0,166.0,96.0,
248,0.0,1.0,50.0,54.0,188.0,
249,1.0,1.0,69.0,144.0,138.0,
250,2.0,1.0,88.0,422.0,18.0,
251,2.0,0.0,38.0,316.0,71.0,
252,0.0,1.0,78.0,31.0,143.0,
253,2.0,1.0,39.0,536.0,109.0,
254,2.0,0.0,55.0,458.0,119.0,
255,2.0,0.0,38.0,185.0,101.0,
256,0.0,0.0,88.0,589.0,216.0,
257,0.0,0.0,39.0,0.0,223.0,
258,0.0,0.0,47.0,608.0,247.0,
259,1.0,0.0,65.0,115.0,138.0,
260,2.0,1.0,88.0,482.0,30.0,
261,2.0,1.0,7.0,329.0,159.0,
262,0.0,1.0,67.0,1.0,217.0,
263,0.0,1.0,53.0,16.0,0.0,
264,2.0,0.0,88.0,478.0,30.0,
265,1.0,1.0,48.0,546.0,72.0,
266,2.0,1.0,21.0,249.0,175.0,
267,2.0,1.0,33.0,334.0,31.0,
268,0.0,0.0,74.0,588.0,238.0,
269,0.0,0.0,47.0,613.0,235.0,
270,0.0,1.0,88.0,47.0,157.0,
271,2.0,1.0,33.0,574.0,0.0,
272,1.0,0.0,55.0,162.0,117.0,
273,0.0,1.0,50.0,594.0,152.0,
274,2.0,0.0,88.0,465.0,30.0,
275,0.0,0.0,79.0,71.0,213.0,
276,2.0,0.0,59.0,326.0,30.0,
277,1.0,1.0,88.0,135.0,0.0,
278,2.0,1.0,11.0,480.0,151.0,
279,2.0,0.0,47.0,551.0,120.0,
280,2.0,1.0,81.0,290.0,30.0,
281,2.0,1.0,36.0,340.0,36.0,
282,2.0,1.0,21.0,310.0,64.0,
283,2.0,1.0,24.0,533.0,43.0,
284,0.0,1.0,88.0,24.0,138.0,
285,2.0,1.0,44.0,378.0,54.0,
286,2.0,1.0,39.0,308.0,64.0,
287,2.0,1.0,28.0,353.0,40.0,
288,1.0,1.0,56.0,134.0,85.0,
289,2.0,0.0,28.0,464.0,30.0,
290,0.0,0.0,34.0,91.0,215.0,
291,0.0,0.0,24.0,64.0,226.0,
292,1.0,1.0,48.0,635.0,84.0,
293,2.0,0.0,31.0,376.0,57.0,
294,2.0,1.0,31.0,374.0,40.0,
295,0.0,1.0,88.0,606.0,145.0,
296,2.0,1.0,30.0,212.0,17.0,
297,0.0,0.0,6.0,37.0,237.0,
298,0.0,1.0,88.0,98.0,155.0,
299,0.0,0.0,65.0,585.0,244.0,
300,2.0,0.0,88.0,513.0,30.0,
301,2.0,1.0,88.0,441.0,130.0,
302,2.0,1.0,24.0,574.0,0.0,
303,1.0,0.0,88.0,109.0,80.0,
304,2.0,1.0,88.0,527.0,43.0,
305,0.0,1.0,4.0,37.0,237.0,
306,0.0,0.0,88.0,83.0,230.0,
307,0.0,0.0,22.0,611.0,229.0,
308,1.0,1.0,39.0,575.0,132.0,
309,0.0,0.0,39.0,584.0,194.0,
310,0.0,0.0,31.0,59.0,221.0,
311,0.0,0.0,23.0,602.0,245.0,
312,1.0,0.0,34.0,167.0,138.0,
313,2.0,1.0,36.0,382.0,40.0,
314,1.0,1.0,57.0,571.0,139.0,
315,2.0,0.0,34.0,343.0,36.0,
316,1.0,0.0,31.0,150.0,138.0,
317,1.0,1.0,69.0,232.0,91.0,
318,0.0,0.0,41.0,453.0,239.0,
319,0.0,0.0,53.0,81.0,234.0,
320,2.0,1.0,28.0,524.0,18.0,
321,2.0,1.0,35.0,365.0,40.0,
322,1.0,0.0,39.0,124.0,80.0,
323,1.0,0.0,28.0,158.0,150.0,
324,2.0,1.0,88.0,568.0,205.0,
325,0.0,0.0,48.0,613.0,235.0,
326,2.0,1.0,77.0,299.0,3.0,
327,1.0,0.0,48.0,229.0,85.0,
328,2.0,0.0,41.0,423.0,121.0,
329,0.0,0.0,21.0,7.0,196.0,
330,2.0,0.0,88.0,441.0,130.0,
331,0.0,1.0,60.0,20.0,148.0,
332,0.0,1.0,51.0,588.0,238.0,
333,2.0,1.0,21.0,302.0,113.0,
334,0.0,0.0,88.0,605.0,233.0,
335,2.0,1.0,88.0,370.0,40.0,
336,0.0,1.0,38.0,36.0,203.0,
337,0.0,0.0,55.0,81.0,234.0,
338,2.0,1.0,59.0,510.0,43.0,
339,0.0,1.0,59.0,39.0,168.0,
340,1.0,1.0,6.0,113.0,138.0,
341,0.0,0.0,31.0,95.0,246.0,
342,1.0,1.0,36.0,159.0,85.0,
343,1.0,1.0,33.0,149.0,85.0,
344,1.0,1.0,48.0,112.0,85.0,
345,1.0,0.0,31.0,157.0,85.0,
346,1.0,0.0,53.0,257.0,85.0,
347,2.0,0.0,88.0,483.0,109.0,
348,2.0,1.0,7.0,562.0,107.0,
349,2.0,1.0,56.0,262.0,54.0,
350,2.0,1.0,29.0,503.0,60.0,
351,0.0,1.0,88.0,30.0,167.0,
352,2.0,1.0,20.0,214.0,17.0,
353,2.0,1.0,33.0,377.0,112.0,
354,2.0,1.0,88.0,182.0,16.0,
355,2.0,1.0,36.0,314.0,64.0,
356,0.0,0.0,28.0,28.0,190.0,
357,1.0,0.0,51.0,131.0,85.0,
358,2.0,0.0,88.0,279.0,38.0,
359,2.0,0.0,88.0,285.0,38.0,
360,2.0,1.0,53.0,337.0,147.0,
361,1.0,1.0,38.0,633.0,145.0,
362,2.0,0.0,59.0,211.0,94.0,
363,2.0,1.0,47.0,641.0,12.0,
364,2.0,1.0,88.0,459.0,102.0,
365,2.0,1.0,39.0,544.0,18.0,
366,0.0,0.0,76.0,4.0,209.0,
367,2.0,0.0,88.0,175.0,17.0,
368,2.0,0.0,88.0,78.0,30.0,
369,0.0,0.0,31.0,581.0,204.0,
370,0.0,1.0,33.0,58.0,191.0,
371,2.0,1.0,23.0,244.0,6.0,
372,2.0,1.0,24.0,273.0,43.0,
373,0.0,1.0,28.0,613.0,235.0,
374,2.0,0.0,7.0,395.0,124.0,
375,0.0,0.0,88.0,600.0,220.0,
376,2.0,0.0,28.0,545.0,18.0,
377,0.0,1.0,35.0,27.0,241.0,
378,2.0,1.0,25.0,183.0,1.0,
379,2.0,1.0,24.0,324.0,31.0,
380,0.0,0.0,56.0,610.0,243.0,
381,2.0,0.0,5.0,187.0,104.0,
382,2.0,1.0,42.0,665.0,41.0,
383,0.0,0.0,47.0,43.0,187.0,
384,2.0,1.0,88.0,371.0,40.0,
385,1.0,1.0,23.0,621.0,208.0,
386,2.0,1.0,5.0,566.0,179.0,
387,1.0,0.0,48.0,220.0,85.0,
388,2.0,1.0,88.0,447.0,26.0,
389,1.0,0.0,22.0,625.0,77.0,
390,0.0,1.0,48.0,33.0,232.0,
391,2.0,1.0,27.0,401.0,33.0,
392,2.0,1.0,36.0,246.0,41.0,
393,0.0,0.0,29.0,416.0,231.0,
394,2.0,0.0,31.0,616.0,110.0,
395,2.0,1.0,28.0,410.0,33.0,
396,2.0,0.0,41.0,414.0,36.0,
397,1.0,1.0,61.0,226.0,138.0,
398,1.0,1.0,29.0,146.0,72.0,
399,1.0,0.0,36.0,140.0,83.0,
400,2.0,1.0,52.0,663.0,41.0,
401,2.0,1.0,34.0,292.0,43.0,
402,2.0,0.0,27.0,492.0,66.0,
403,2.0,1.0,36.0,668.0,106.0,
404,2.0,0.0,25.0,267.0,54.0,
405,1.0,1.0,45.0,230.0,123.0,
406,2.0,1.0,66.0,321.0,30.0,
407,1.0,1.0,7.0,237.0,114.0,
408,2.0,1.0,27.0,255.0,31.0,
409,2.0,0.0,88.0,488.0,134.0,
410,2.0,1.0,88.0,367.0,40.0,
411,2.0,1.0,88.0,487.0,8.0,
412,0.0,0.0,44.0,92.0,225.0,
413,1.0,1.0,88.0,135.0,0.0,
414,2.0,1.0,58.0,655.0,41.0,
415,2.0,0.0,88.0,295.0,43.0,
416,1.0,0.0,45.0,224.0,161.0,
417,1.0,0.0,23.0,168.0,85.0,
418,1.0,1.0,39.0,225.0,85.0,
419,2.0,0.0,14.0,307.0,133.0,
420,2.0,1.0,88.0,392.0,40.0,
421,2.0,1.0,27.0,534.0,27.0,
422,2.0,1.0,38.0,259.0,37.0,
423,2.0,0.0,36.0,331.0,93.0,
424,2.0,1.0,23.0,458.0,119.0,
425,2.0,1.0,88.0,521.0,18.0,
426,1.0,0.0,36.0,100.0,138.0,
427,1.0,0.0,24.0,170.0,138.0,
428,2.0,1.0,88.0,437.0,30.0,
429,2.0,1.0,42.0,644.0,43.0,
430,0.0,1.0,36.0,3.0,143.0,
431,2.0,0.0,88.0,476.0,109.0,
432,1.0,0.0,56.0,627.0,138.0,
433,2.0,1.0,22.0,657.0,14.0,
434,0.0,1.0,65.0,72.0,192.0,
435,0.0,0.0,18.0,33.0,232.0,
436,2.0,0.0,27.0,676.0,165.0,
437,1.0,0.0,31.0,237.0,114.0,
438,0.0,1.0,80.0,95.0,246.0,
439,1.0,1.0,41.0,547.0,72.0,
440,1.0,0.0,59.0,571.0,139.0,
441,2.0,1.0,25.0,305.0,64.0,
442,2.0,1.0,33.0,328.0,31.0,
443,1.0,0.0,36.0,116.0,85.0,
444,2.0,1.0,88.0,499.0,44.0,
445,0.0,1.0,8.0,289.0,219.0,
446,1.0,0.0,17.0,162.0,117.0,
447,0.0,1.0,45.0,45.0,143.0,
448,2.0,0.0,9.0,194.0,116.0,
449,0.0,1.0,67.0,40.0,155.0,
450,1.0,1.0,48.0,561.0,146.0,
451,2.0,1.0,88.0,497.0,118.0,
452,0.0,1.0,39.0,22.0,146.0,
453,0.0,1.0,64.0,84.0,224.0,
454,2.0,1.0,88.0,528.0,43.0,
455,2.0,1.0,38.0,379.0,40.0,
456,0.0,1.0,81.0,73.0,143.0,
457,0.0,0.0,88.0,86.0,186.0,
458,1.0,0.0,65.0,572.0,72.0,
459,2.0,1.0,88.0,468.0,30.0,
460,0.0,1.0,63.0,96.0,143.0,
461,2.0,1.0,45.0,429.0,43.0,
462,0.0,1.0,62.0,6.0,171.0,
463,1.0,1.0,63.0,121.0,85.0,
464,2.0,1.0,88.0,539.0,43.0,
465,2.0,1.0,51.0,639.0,12.0,
466,1.0,1.0,88.0,135.0,0.0,
467,0.0,1.0,72.0,44.0,143.0,
468,2.0,1.0,88.0,421.0,25.0,
469,2.0,0.0,2.0,194.0,116.0,
470,2.0,1.0,88.0,272.0,18.0,
471,2.0,1.0,51.0,263.0,54.0,
472,1.0,0.0,44.0,561.0,146.0,
473,1.0,0.0,29.0,628.0,88.0,
474,2.0,0.0,28.0,509.0,67.0,
475,0.0,1.0,88.0,2.0,187.0,
476,1.0,1.0,45.0,252.0,123.0,
477,2.0,1.0,38.0,315.0,11.0,
478,2.0,1.0,28.0,411.0,21.0,
479,2.0,0.0,6.0,251.0,79.0,
480,2.0,1.0,13.0,566.0,179.0,
481,1.0,1.0,88.0,136.0,0.0,
482,2.0,1.0,65.0,531.0,43.0,
483,2.0,0.0,79.0,489.0,65.0,
484,0.0,1.0,33.0,64.0,226.0,
485,2.0,0.0,88.0,488.0,134.0,
486,0.0,0.0,47.0,93.0,225.0,
487,0.0,1.0,74.0,61.0,152.0,
488,2.0,1.0,39.0,517.0,43.0,
489,2.0,1.0,13.0,562.0,107.0,
490,2.0,1.0,88.0,498.0,118.0,
491,2.0,1.0,27.0,649.0,18.0,
492,0.0,1.0,70.0,41.0,155.0,
493,0.0,1.0,85.0,603.0,182.0,
494,2.0,1.0,27.0,518.0,43.0,
495,2.0,1.0,88.0,176.0,95.0,
496,0.0,0.0,69.0,454.0,214.0,
497,2.0,1.0,88.0,564.0,100.0,
498,0.0,0.0,33.0,37.0,237.0,
499,2.0,1.0,31.0,402.0,33.0,
500,2.0,1.0,22.0,261.0,54.0,
501,2.0,0.0,27.0,433.0,30.0,
502,2.0,0.0,88.0,276.0,23.0,
503,2.0,0.0,50.0,490.0,65.0,
504,0.0,0.0,21.0,0.0,223.0,
505,0.0,1.0,23.0,611.0,229.0,
506,1.0,0.0,44.0,180.0,138.0,
507,0.0,1.0,88.0,10.0,143.0,
508,2.0,1.0,36.0,542.0,128.0,
509,2.0,1.0,34.0,80.0,193.0,
510,2.0,1.0,38.0,479.0,30.0,
511,2.0,1.0,88.0,648.0,43.0,
512,0.0,1.0,48.0,577.0,141.0,
513,0.0,0.0,69.0,599.0,197.0,
514,2.0,1.0,31.0,356.0,20.0,
515,0.0,1.0,62.0,456.0,164.0,
516,1.0,0.0,45.0,560.0,72.0,
517,2.0,1.0,88.0,469.0,133.0,
518,1.0,0.0,48.0,110.0,138.0,
519,2.0,1.0,42.0,381.0,40.0,
520,0.0,0.0,39.0,67.0,227.0,
521,2.0,1.0,28.0,390.0,40.0,
522,2.0,1.0,88.0,173.0,16.0,
523,0.0,0.0,58.0,7.0,196.0,
524,2.0,1.0,88.0,217.0,17.0,
525,2.0,1.0,54.0,446.0,30.0,
526,1.0,0.0,65.0,673.0,72.0,
527,0.0,1.0,88.0,583.0,242.0,
528,2.0,1.0,52.0,250.0,41.0,
529,1.0,1.0,29.0,235.0,76.0,
530,1.0,0.0,6.0,180.0,138.0,
531,2.0,1.0,88.0,181.0,17.0,
532,2.0,1.0,22.0,210.0,17.0,
533,2.0,0.0,88.0,196.0,127.0,
534,2.0,0.0,39.0,260.0,54.0,
535,1.0,0.0,11.0,571.0,139.0,
536,0.0,1.0,59.0,21.0,143.0,
537,0.0,0.0,39.0,614.0,228.0,
538,2.0,1.0,88.0,426.0,96.0,
539,0.0,0.0,28.0,75.0,181.0,
540,0.0,0.0,48.0,680.0,206.0,
541,2.0,0.0,13.0,333.0,158.0,
542,2.0,0.0,15.0,333.0,158.0,
543,1.0,1.0,42.0,233.0,138.0,
544,0.0,1.0,65.0,614.0,228.0,
545,0.0,1.0,80.0,501.0,138.0,
546,1.0,0.0,24.0,233.0,138.0,
547,1.0,1.0,88.0,631.0,90.0,
548,2.0,1.0,44.0,423.0,121.0,
549,1.0,1.0,12.0,558.0,169.0,
550,0.0,1.0,22.0,83.0,230.0,
551,1.0,1.0,35.0,148.0,138.0,
552,2.0,1.0,88.0,284.0,35.0,
553,2.0,1.0,28.0,171.0,16.0,
554,2.0,0.0,28.0,335.0,31.0,
555,0.0,1.0,78.0,52.0,143.0,
556,0.0,0.0,63.0,57.0,174.0,
557,0.0,1.0,88.0,610.0,243.0,
558,0.0,0.0,52.0,1.0,217.0,
559,2.0,0.0,48.0,300.0,111.0,
560,2.0,1.0,88.0,471.0,30.0,
561,2.0,1.0,53.0,389.0,40.0,
562,1.0,1.0,36.0,103.0,87.0,
563,2.0,1.0,88.0,651.0,43.0,
564,2.0,0.0,88.0,645.0,43.0,
565,2.0,1.0,31.0,519.0,133.0,
566,2.0,1.0,24.0,352.0,40.0,
567,2.0,0.0,38.0,395.0,124.0,
568,2.0,1.0,88.0,207.0,17.0,
569,2.0,1.0,42.0,415.0,36.0,
570,1.0,1.0,78.0,624.0,72.0,
571,0.0,0.0,68.0,60.0,185.0,
572,0.0,1.0,48.0,578.0,142.0,
573,2.0,0.0,88.0,77.0,30.0,
574,2.0,1.0,21.0,520.0,43.0,
575,2.0,1.0,24.0,420.0,96.0,
576,1.0,0.0,45.0,143.0,85.0,
577,0.0,0.0,52.0,72.0,192.0,
578,2.0,0.0,88.0,209.0,95.0,
579,2.0,1.0,42.0,661.0,41.0,
580,1.0,0.0,33.0,133.0,153.0,
581,0.0,0.0,52.0,83.0,230.0,
582,1.0,1.0,69.0,226.0,138.0,
583,0.0,1.0,48.0,68.0,176.0,
584,2.0,1.0,88.0,291.0,56.0,
585,0.0,0.0,23.0,1.0,217.0,
586,1.0,1.0,62.0,129.0,97.0,
587,0.0,1.0,76.0,74.0,216.0,
588,2.0,1.0,28.0,79.0,43.0,
589,2.0,1.0,88.0,515.0,43.0,
590,2.0,1.0,47.0,656.0,14.0,
591,0.0,0.0,67.0,454.0,214.0,
592,2.0,1.0,62.0,532.0,18.0,
593,2.0,0.0,88.0,434.0,30.0,
594,1.0,1.0,50.0,626.0,138.0,
595,2.0,1.0,48.0,307.0,133.0,
596,1.0,0.0,88.0,155.0,162.0,
597,2.0,1.0,64.0,574.0,0.0,
598,2.0,1.0,88.0,192.0,16.0,
599,0.0,1.0,64.0,584.0,194.0,
600,1.0,0.0,31.0,142.0,144.0,
601,2.0,1.0,88.0,360.0,40.0,
602,0.0,1.0,88.0,46.0,178.0,
603,2.0,1.0,58.0,430.0,43.0,
604,0.0,1.0,47.0,9.0,143.0,
605,2.0,1.0,48.0,396.0,103.0,
606,2.0,1.0,39.0,385.0,40.0,
607,0.0,1.0,35.0,50.0,155.0,
608,1.0,0.0,28.0,634.0,177.0,
609,0.0,0.0,53.0,588.0,238.0,
610,2.0,0.0,52.0,333.0,158.0,
611,2.0,1.0,88.0,638.0,12.0,
612,2.0,0.0,88.0,444.0,102.0,
613,2.0,1.0,88.0,467.0,30.0,
614,2.0,1.0,47.0,431.0,43.0,
615,1.0,0.0,31.0,106.0,202.0,
616,2.0,1.0,45.0,331.0,93.0,
617,2.0,0.0,34.0,536.0,109.0,
618,1.0,0.0,8.0,114.0,172.0,
619,1.0,1.0,34.0,253.0,72.0,
620,2.0,1.0,35.0,188.0,94.0,
621,0.0,1.0,56.0,56.0,188.0,
622,2.0,1.0,25.0,187.0,104.0,
623,2.0,1.0,27.0,400.0,36.0,
624,2.0,1.0,27.0,495.0,109.0,
625,0.0,1.0,77.0,455.0,160.0,
626,1.0,1.0,73.0,104.0,80.0,
627,0.0,0.0,27.0,71.0,213.0,
628,2.0,1.0,34.0,369.0,40.0,
629,2.0,1.0,88.0,286.0,27.0,
630,0.0,1.0,87.0,218.0,153.0,
631,2.0,1.0,66.0,345.0,13.0,
632,0.0,1.0,42.0,70.0,155.0,
633,0.0,1.0,88.0,13.0,0.0,
634,2.0,0.0,13.0,337.0,147.0,
635,1.0,0.0,36.0,130.0,85.0,
636,2.0,1.0,42.0,664.0,41.0,
637,1.0,1.0,41.0,556.0,139.0,
638,2.0,0.0,55.0,249.0,175.0,
639,2.0,1.0,88.0,476.0,109.0,
640,2.0,1.0,25.0,409.0,36.0,
641,0.0,0.0,31.0,581.0,204.0,
642,2.0,0.0,6.0,337.0,147.0,
643,2.0,1.0,88.0,80.0,193.0,
644,2.0,0.0,2.0,194.0,116.0,
645,0.0,1.0,63.0,587.0,211.0,
646,2.0,1.0,24.0,373.0,40.0,
647,0.0,1.0,72.0,69.0,168.0,
648,2.0,1.0,88.0,620.0,22.0,
649,2.0,0.0,29.0,567.0,22.0,
650,2.0,1.0,88.0,366.0,40.0,
651,1.0,0.0,23.0,117.0,129.0,
652,2.0,1.0,27.0,512.0,50.0,
653,2.0,0.0,88.0,277.0,35.0,
654,2.0,0.0,23.0,439.0,7.0,
655,1.0,1.0,31.0,621.0,208.0,
656,2.0,1.0,88.0,368.0,40.0,
657,2.0,0.0,42.0,435.0,102.0,
658,1.0,1.0,29.0,241.0,85.0,
659,0.0,1.0,74.0,416.0,231.0,
660,0.0,1.0,65.0,605.0,233.0,
661,2.0,1.0,53.0,172.0,16.0,
662,0.0,1.0,62.0,496.0,135.0,
663,2.0,1.0,48.0,357.0,20.0,
664,2.0,1.0,25.0,660.0,41.0,
665,1.0,1.0,42.0,621.0,208.0,
666,1.0,1.0,33.0,123.0,85.0,
667,2.0,1.0,88.0,256.0,31.0,
668,2.0,1.0,57.0,529.0,43.0,
669,0.0,0.0,88.0,99.0,187.0,
670,1.0,0.0,53.0,240.0,172.0,
671,0.0,1.0,41.0,569.0,187.0,
672,1.0,1.0,83.0,550.0,72.0,
673,1.0,1.0,41.0,145.0,85.0,
674,1.0,1.0,88.0,138.0,0.0,
675,2.0,1.0,23.0,397.0,31.0,
676,2.0,1.0,32.0,294.0,43.0,
677,2.0,0.0,23.0,493.0,68.0,
678,2.0,0.0,57.0,566.0,179.0,
679,0.0,1.0,48.0,608.0,247.0,
680,2.0,0.0,88.0,281.0,45.0,
681,0.0,1.0,35.0,587.0,211.0,
682,2.0,1.0,25.0,500.0,60.0,
683,2.0,1.0,18.0,566.0,179.0,
684,1.0,1.0,76.0,240.0,172.0,
685,1.0,1.0,33.0,634.0,177.0,
686,2.0,1.0,18.0,249.0,175.0,
687,2.0,1.0,24.0,372.0,70.0,
688,2.0,1.0,23.0,403.0,33.0,
689,0.0,0.0,20.0,141.0,240.0,
690,0.0,1.0,41.0,89.0,195.0,
691,2.0,0.0,8.0,393.0,86.0,
692,2.0,1.0,88.0,80.0,193.0,
693,2.0,1.0,33.0,200.0,16.0,
694,0.0,1.0,76.0,48.0,143.0,
695,1.0,1.0,67.0,156.0,87.0,
696,2.0,1.0,58.0,425.0,43.0,
697,2.0,0.0,88.0,419.0,27.0,
698,0.0,1.0,64.0,83.0,230.0,
699,2.0,1.0,56.0,346.0,24.0,
700,0.0,0.0,23.0,610.0,243.0,
701,0.0,1.0,47.0,579.0,141.0,
702,2.0,0.0,23.0,211.0,94.0,
703,2.0,1.0,33.0,449.0,29.0,
704,2.0,1.0,34.0,398.0,36.0,
705,1.0,1.0,52.0,170.0,138.0,
706,1.0,0.0,59.0,108.0,87.0,
707,0.0,1.0,56.0,580.0,141.0,
708,0.0,0.0,28.0,37.0,237.0,
709,2.0,1.0,88.0,189.0,101.0,
710,0.0,0.0,31.0,582.0,182.0,
711,0.0,1.0,88.0,19.0,143.0,
712,0.0,1.0,63.0,99.0,187.0,
713,2.0,1.0,38.0,506.0,63.0,
714,1.0,1.0,67.0,164.0,85.0,
715,2.0,1.0,24.0,348.0,24.0,
716,0.0,0.0,51.0,610.0,243.0,
717,1.0,0.0,35.0,293.0,72.0,
718,2.0,1.0,88.0,440.0,102.0,
719,2.0,1.0,44.0,319.0,31.0,
720,1.0,0.0,10.0,155.0,162.0,
721,2.0,1.0,22.0,408.0,13.0,
722,1.0,1.0,45.0,65.0,85.0,
723,1.0,1.0,65.0,161.0,85.0,
724,0.0,1.0,35.0,51.0,189.0,
725,2.0,1.0,25.0,266.0,54.0,
726,1.0,0.0,39.0,252.0,123.0,
727,2.0,0.0,88.0,451.0,28.0,
728,1.0,1.0,33.0,127.0,138.0,
729,2.0,0.0,33.0,667.0,41.0,
730,0.0,0.0,38.0,141.0,240.0,
731,2.0,1.0,15.0,216.0,115.0,
732,1.0,1.0,88.0,137.0,0.0,
733,1.0,1.0,29.0,228.0,85.0,
734,1.0,1.0,29.0,119.0,85.0,
735,2.0,1.0,37.0,495.0,109.0,
736,2.0,0.0,63.0,676.0,165.0,
737,0.0,1.0,47.0,608.0,247.0,
738,2.0,1.0,88.0,349.0,40.0,
739,2.0,1.0,88.0,364.0,40.0,
740,0.0,1.0,88.0,82.0,153.0,
741,0.0,1.0,48.0,91.0,215.0,
742,0.0,0.0,27.0,602.0,245.0,
743,2.0,1.0,31.0,477.0,109.0,
744,2.0,1.0,41.0,662.0,41.0,
745,0.0,1.0,83.0,680.0,206.0,
746,2.0,1.0,21.0,551.0,120.0,
747,1.0,0.0,39.0,165.0,85.0,
748,0.0,1.0,24.0,35.0,189.0,
749,2.0,1.0,41.0,287.0,30.0,
750,1.0,0.0,8.0,234.0,129.0,
751,2.0,1.0,10.0,486.0,81.0,
752,2.0,1.0,44.0,312.0,64.0,
753,2.0,1.0,29.0,351.0,40.0,
754,1.0,0.0,63.0,106.0,202.0,
755,1.0,1.0,1.0,166.0,96.0,
756,2.0,1.0,36.0,404.0,33.0,
757,1.0,1.0,23.0,238.0,76.0,
758,2.0,1.0,45.0,424.0,43.0,
759,0.0,0.0,44.0,0.0,223.0,
760,2.0,1.0,88.0,420.0,96.0,
761,2.0,1.0,55.0,646.0,14.0,
762,2.0,1.0,25.0,191.0,17.0,
763,0.0,0.0,48.0,33.0,232.0,
764,2.0,1.0,21.0,327.0,31.0,
765,0.0,0.0,66.0,71.0,213.0,
766,0.0,1.0,88.0,18.0,174.0,
767,2.0,0.0,40.0,436.0,30.0,
768,2.0,1.0,88.0,469.0,133.0,
769,2.0,1.0,42.0,511.0,48.0,
770,2.0,1.0,31.0,313.0,64.0,
771,2.0,1.0,63.0,407.0,36.0,
772,1.0,0.0,73.0,619.0,72.0,
773,2.0,1.0,88.0,201.0,16.0,
774,1.0,0.0,69.0,236.0,129.0,
775,2.0,1.0,23.0,330.0,30.0,
776,2.0,1.0,88.0,481.0,30.0,
777,2.0,0.0,9.0,432.0,81.0,
778,2.0,1.0,88.0,450.0,28.0,
779,0.0,0.0,57.0,141.0,240.0,
780,2.0,0.0,17.0,208.0,17.0,
781,0.0,0.0,22.0,89.0,195.0,
782,0.0,1.0,38.0,26.0,153.0,
783,2.0,1.0,88.0,675.0,131.0,
784,2.0,1.0,33.0,643.0,12.0,
785,2.0,1.0,33.0,474.0,18.0,
786,2.0,0.0,23.0,243.0,20.0,
787,2.0,1.0,12.0,480.0,151.0,
788,2.0,1.0,5.0,548.0,122.0,
789,0.0,1.0,61.0,592.0,216.0,
790,2.0,1.0,88.0,66.0,30.0,
791,1.0,1.0,21.0,139.0,138.0,
792,2.0,0.0,88.0,568.0,205.0,
793,0.0,1.0,88.0,597.0,156.0,
794,2.0,1.0,33.0,350.0,40.0,
795,1.0,1.0,52.0,223.0,85.0,
796,0.0,0.0,64.0,87.0,137.0,
797,2.0,0.0,41.0,383.0,55.0,
798,2.0,1.0,39.0,206.0,17.0,
799,2.0,0.0,39.0,307.0,133.0,
800,1.0,1.0,45.0,164.0,85.0,
801,1.0,0.0,41.0,556.0,139.0,
802,0.0,1.0,15.0,33.0,232.0,
803,2.0,1.0,0.0,174.0,52.0,
804,2.0,1.0,35.0,338.0,10.0,
805,2.0,1.0,41.0,320.0,31.0,
806,0.0,1.0,52.0,12.0,0.0,
807,2.0,0.0,23.0,336.0,31.0,
808,1.0,1.0,52.0,154.0,85.0,
809,0.0,0.0,44.0,51.0,189.0,
810,2.0,1.0,34.0,339.0,39.0,
811,2.0,1.0,52.0,519.0,133.0,
812,1.0,1.0,47.0,222.0,72.0,
813,2.0,0.0,10.0,333.0,158.0,
814,2.0,1.0,40.0,427.0,43.0,
815,0.0,1.0,88.0,15.0,0.0,
816,2.0,0.0,29.0,671.0,41.0,
817,1.0,1.0,41.0,618.0,170.0,
818,2.0,1.0,57.0,543.0,5.0,
819,2.0,1.0,14.0,337.0,147.0,
820,0.0,0.0,67.0,67.0,227.0,
821,2.0,1.0,35.0,269.0,54.0,
822,0.0,1.0,51.0,97.0,0.0,
823,2.0,0.0,35.0,486.0,81.0,
824,2.0,1.0,6.0,249.0,175.0,
825,2.0,1.0,88.0,448.0,9.0,
826,2.0,1.0,88.0,80.0,193.0,
827,1.0,1.0,5.0,618.0,170.0,
828,2.0,1.0,88.0,442.0,30.0,
829,0.0,0.0,78.0,32.0,218.0,
830,2.0,0.0,20.0,188.0,94.0,
831,1.0,1.0,3.0,237.0,114.0,
832,2.0,1.0,88.0,199.0,17.0,
833,2.0,1.0,29.0,342.0,36.0,
834,2.0,1.0,23.0,107.0,47.0,
835,0.0,0.0,52.0,609.0,221.0,
836,2.0,1.0,27.0,268.0,54.0,
837,2.0,1.0,88.0,485.0,43.0,
838,2.0,1.0,42.0,80.0,193.0,
839,0.0,1.0,88.0,62.0,152.0,
840,2.0,1.0,25.0,647.0,41.0,
841,1.0,1.0,21.0,619.0,72.0,
842,0.0,0.0,39.0,47.0,157.0,
843,2.0,1.0,46.0,205.0,4.0,
844,2.0,1.0,22.0,264.0,54.0,
845,2.0,1.0,56.0,563.0,22.0,
846,2.0,1.0,88.0,568.0,205.0,
847,2.0,1.0,47.0,359.0,40.0,
848,1.0,1.0,36.0,155.0,162.0,
849,0.0,0.0,88.0,84.0,224.0,
850,2.0,1.0,8.0,333.0,158.0,
851,2.0,1.0,86.0,317.0,31.0,
852,2.0,0.0,13.0,203.0,101.0,
853,0.0,0.0,21.0,591.0,173.0,
854,1.0,0.0,58.0,144.0,138.0,
855,2.0,0.0,23.0,484.0,61.0,
856,0.0,0.0,59.0,453.0,239.0,
857,0.0,1.0,66.0,23.0,143.0,
858,2.0,0.0,31.0,194.0,116.0,
859,2.0,1.0,88.0,178.0,17.0,
860,2.0,1.0,55.0,399.0,92.0,
861,1.0,1.0,27.0,221.0,76.0,
862,0.0,0.0,63.0,88.0,137.0,
863,2.0,0.0,88.0,568.0,205.0,
864,1.0,1.0,31.0,120.0,85.0,
865,1.0,0.0,56.0,126.0,85.0,
866,1.0,0.0,35.0,632.0,89.0,
867,0.0,1.0,41.0,590.0,184.0,
868,2.0,1.0,88.0,309.0,64.0,
869,2.0,1.0,8.0,344.0,74.0,
870,2.0,1.0,34.0,387.0,40.0,
871,0.0,0.0,62.0,54.0,188.0,
872,0.0,1.0,44.0,502.0,2.0,
873,2.0,1.0,62.0,303.0,58.0,
874,1.0,0.0,36.0,575.0,132.0,
875,2.0,0.0,20.0,195.0,16.0,
876,2.0,1.0,25.0,504.0,69.0,
877,2.0,1.0,24.0,358.0,40.0,
878,2.0,1.0,88.0,363.0,40.0,
879,0.0,0.0,72.0,59.0,221.0,
880,1.0,0.0,33.0,115.0,138.0,
881,2.0,1.0,44.0,394.0,40.0,
882,2.0,0.0,28.0,508.0,73.0,
883,1.0,1.0,36.0,565.0,72.0,
884,2.0,1.0,33.0,650.0,12.0,
885,2.0,0.0,52.0,480.0,151.0,
886,1.0,1.0,35.0,101.0,85.0,
887,0.0,0.0,24.0,14.0,153.0,
888,2.0,0.0,88.0,675.0,131.0,
889,0.0,1.0,34.0,8.0,153.0,
890,2.0,1.0,42.0,466.0,30.0,
0,,,,,,0.0
1,,,,,,1.0
2,,,,,,1.0
3,,,,,,1.0
4,,,,,,0.0
5,,,,,,0.0
6,,,,,,0.0
7,,,,,,0.0
8,,,,,,1.0
9,,,,,,1.0
10,,,,,,1.0
11,,,,,,1.0
12,,,,,,0.0
13,,,,,,0.0
14,,,,,,0.0
15,,,,,,1.0
16,,,,,,0.0
17,,,,,,1.0
18,,,,,,0.0
19,,,,,,1.0
20,,,,,,0.0
21,,,,,,1.0
22,,,,,,1.0
23,,,,,,1.0
24,,,,,,0.0
25,,,,,,1.0
26,,,,,,0.0
27,,,,,,0.0
28,,,,,,1.0
29,,,,,,0.0
30,,,,,,0.0
31,,,,,,1.0
32,,,,,,1.0
33,,,,,,0.0
34,,,,,,0.0
35,,,,,,0.0
36,,,,,,1.0
37,,,,,,0.0
38,,,,,,0.0
39,,,,,,1.0
40,,,,,,0.0
41,,,,,,0.0
42,,,,,,0.0
43,,,,,,1.0
44,,,,,,1.0
45,,,,,,0.0
46,,,,,,0.0
47,,,,,,1.0
48,,,,,,0.0
49,,,,,,0.0
50,,,,,,0.0
51,,,,,,0.0
52,,,,,,1.0
53,,,,,,1.0
54,,,,,,0.0
55,,,,,,1.0
56,,,,,,1.0
57,,,,,,0.0
58,,,,,,1.0
59,,,,,,0.0
60,,,,,,0.0
61,,,,,,1.0
62,,,,,,0.0
63,,,,,,0.0
64,,,,,,0.0
65,,,,,,1.0
66,,,,,,1.0
67,,,,,,0.0
68,,,,,,1.0
69,,,,,,0.0
70,,,,,,0.0
71,,,,,,0.0
72,,,,,,0.0
73,,,,,,0.0
74,,,,,,1.0
75,,,,,,0.0
76,,,,,,0.0
77,,,,,,0.0
78,,,,,,1.0
79,,,,,,1.0
80,,,,,,0.0
81,,,,,,1.0
82,,,,,,1.0
83,,,,,,0.0
84,,,,,,1.0
85,,,,,,1.0
86,,,,,,0.0
87,,,,,,0.0
88,,,,,,1.0
89,,,,,,0.0
90,,,,,,0.0
91,,,,,,0.0
92,,,,,,0.0
93,,,,,,0.0
94,,,,,,0.0
95,,,,,,0.0
96,,,,,,0.0
97,,,,,,1.0
98,,,,,,1.0
99,,,,,,0.0
100,,,,,,0.0
101,,,,,,0.0
102,,,,,,0.0
103,,,,,,0.0
104,,,,,,0.0
105,,,,,,0.0
106,,,,,,1.0
107,,,,,,1.0
108,,,,,,0.0
109,,,,,,1.0
110,,,,,,0.0
111,,,,,,0.0
112,,,,,,0.0
113,,,,,,0.0
114,,,,,,0.0
115,,,,,,0.0
116,,,,,,0.0
117,,,,,,0.0
118,,,,,,0.0
119,,,,,,0.0
120,,,,,,0.0
121,,,,,,0.0
122,,,,,,0.0
123,,,,,,1.0
124,,,,,,0.0
125,,,,,,1.0
126,,,,,,0.0
127,,,,,,1.0
128,,,,,,1.0
129,,,,,,0.0
130,,,,,,0.0
131,,,,,,0.0
132,,,,,,0.0
133,,,,,,1.0
134,,,,,,0.0
135,,,,,,0.0
136,,,,,,1.0
137,,,,,,0.0
138,,,,,,0.0
139,,,,,,0.0
140,,,,,,0.0
141,,,,,,1.0
142,,,,,,1.0
143,,,,,,0.0
144,,,,,,0.0
145,,,,,,0.0
146,,,,,,1.0
147,,,,,,0.0
148,,,,,,0.0
149,,,,,,0.0
150,,,,,,0.0
151,,,,,,1.0
152,,,,,,0.0
153,,,,,,0.0
154,,,,,,0.0
155,,,,,,0.0
156,,,,,,1.0
157,,,,,,0.0
158,,,,,,0.0
159,,,,,,0.0
160,,,,,,0.0
161,,,,,,1.0
162,,,,,,0.0
163,,,,,,0.0
164,,,,,,0.0
165,,,,,,1.0
166,,,,,,1.0
167,,,,,,0.0
168,,,,,,0.0
169,,,,,,0.0
170,,,,,,0.0
171,,,,,,0.0
172,,,,,,1.0
173,,,,,,0.0
174,,,,,,0.0
175,,,,,,0.0
176,,,,,,0.0
177,,,,,,0.0
178,,,,,,0.0
179,,,,,,0.0
180,,,,,,0.0
181,,,,,,0.0
182,,,,,,0.0
183,,,,,,1.0
184,,,,,,1.0
185,,,,,,0.0
186,,,,,,1.0
187,,,,,,1.0
188,,,,,,0.0
189,,,,,,0.0
190,,,,,,1.0
191,,,,,,0.0
192,,,,,,1.0
193,,,,,,1.0
194,,,,,,1.0
195,,,,,,1.0
196,,,,,,0.0
197,,,,,,0.0
198,,,,,,1.0
199,,,,,,0.0
200,,,,,,0.0
201,,,,,,0.0
202,,,,,,0.0
203,,,,,,0.0
204,,,,,,1.0
205,,,,,,0.0
206,,,,,,0.0
207,,,,,,1.0
208,,,,,,1.0
209,,,,,,1.0
210,,,,,,0.0
211,,,,,,1.0
212,,,,,,0.0
213,,,,,,0.0
214,,,,,,0.0
215,,,,,,1.0
216,,,,,,1.0
217,,,,,,0.0
218,,,,,,1.0
219,,,,,,0.0
220,,,,,,1.0
221,,,,,,0.0
222,,,,,,0.0
223,,,,,,0.0
224,,,,,,1.0
225,,,,,,0.0
226,,,,,,1.0
227,,,,,,0.0
228,,,,,,0.0
229,,,,,,0.0
230,,,,,,1.0
231,,,,,,0.0
232,,,,,,0.0
233,,,,,,1.0
234,,,,,,0.0
235,,,,,,0.0
236,,,,,,0.0
237,,,,,,1.0
238,,,,,,0.0
239,,,,,,0.0
240,,,,,,0.0
241,,,,,,1.0
242,,,,,,0.0
243,,,,,,0.0
244,,,,,,0.0
245,,,,,,0.0
246,,,,,,0.0
247,,,,,,1.0
248,,,,,,1.0
249,,,,,,0.0
250,,,,,,0.0
251,,,,,,0.0
252,,,,,,0.0
253,,,,,,0.0
254,,,,,,0.0
255,,,,,,1.0
256,,,,,,1.0
257,,,,,,1.0
258,,,,,,1.0
259,,,,,,1.0
260,,,,,,0.0
261,,,,,,1.0
262,,,,,,0.0
263,,,,,,0.0
264,,,,,,0.0
265,,,,,,0.0
266,,,,,,0.0
267,,,,,,1.0
268,,,,,,1.0
269,,,,,,1.0
270,,,,,,0.0
271,,,,,,1.0
272,,,,,,1.0
273,,,,,,0.0
274,,,,,,1.0
275,,,,,,1.0
276,,,,,,0.0
277,,,,,,0.0
278,,,,,,0.0
279,,,,,,1.0
280,,,,,,0.0
281,,,,,,0.0
282,,,,,,0.0
283,,,,,,1.0
284,,,,,,0.0
285,,,,,,0.0
286,,,,,,1.0
287,,,,,,0.0
288,,,,,,1.0
289,,,,,,1.0
290,,,,,,1.0
291,,,,,,1.0
292,,,,,,0.0
293,,,,,,0.0
294,,,,,,0.0
295,,,,,,0.0
296,,,,,,0.0
297,,,,,,0.0
298,,,,,,1.0
299,,,,,,1.0
300,,,,,,1.0
301,,,,,,1.0
302,,,,,,0.0
303,,,,,,1.0
304,,,,,,0.0
305,,,,,,1.0
306,,,,,,1.0
307,,,,,,1.0
308,,,,,,0.0
309,,,,,,1.0
310,,,,,,1.0
311,,,,,,1.0
312,,,,,,0.0
313,,,,,,0.0
314,,,,,,0.0
315,,,,,,1.0
316,,,,,,1.0
317,,,,,,0.0
318,,,,,,1.0
319,,,,,,1.0
320,,,,,,0.0
321,,,,,,0.0
322,,,,,,1.0
323,,,,,,1.0
324,,,,,,0.0
325,,,,,,1.0
326,,,,,,0.0
327,,,,,,1.0
328,,,,,,1.0
329,,,,,,1.0
330,,,,,,1.0
331,,,,,,0.0
332,,,,,,0.0
333,,,,,,0.0
334,,,,,,1.0
335,,,,,,0.0
336,,,,,,0.0
337,,,,,,1.0
338,,,,,,1.0
339,,,,,,0.0
340,,,,,,1.0
341,,,,,,1.0
342,,,,,,0.0
343,,,,,,0.0
344,,,,,,0.0
345,,,,,,1.0
346,,,,,,1.0
347,,,,,,1.0
348,,,,,,1.0
349,,,,,,0.0
350,,,,,,0.0
351,,,,,,0.0
352,,,,,,0.0
353,,,,,,0.0
354,,,,,,0.0
355,,,,,,0.0
356,,,,,,1.0
357,,,,,,0.0
358,,,,,,1.0
359,,,,,,1.0
360,,,,,,0.0
361,,,,,,0.0
362,,,,,,0.0
363,,,,,,0.0
364,,,,,,0.0
365,,,,,,0.0
366,,,,,,1.0
367,,,,,,1.0
368,,,,,,1.0
369,,,,,,1.0
370,,,,,,1.0
371,,,,,,0.0
372,,,,,,0.0
373,,,,,,0.0
374,,,,,,0.0
375,,,,,,1.0
376,,,,,,1.0
377,,,,,,0.0
378,,,,,,0.0
379,,,,,,0.0
380,,,,,,1.0
381,,,,,,1.0
382,,,,,,0.0
383,,,,,,1.0
384,,,,,,0.0
385,,,,,,0.0
386,,,,,,0.0
387,,,,,,1.0
388,,,,,,0.0
389,,,,,,1.0
390,,,,,,1.0
391,,,,,,1.0
392,,,,,,0.0
393,,,,,,1.0
394,,,,,,1.0
395,,,,,,0.0
396,,,,,,0.0
397,,,,,,0.0
398,,,,,,0.0
399,,,,,,1.0
400,,,,,,1.0
401,,,,,,0.0
402,,,,,,0.0
403,,,,,,0.0
404,,,,,,0.0
405,,,,,,0.0
406,,,,,,0.0
407,,,,,,1.0
408,,,,,,0.0
409,,,,,,0.0
410,,,,,,0.0
411,,,,,,0.0
412,,,,,,1.0
413,,,,,,0.0
414,,,,,,1.0
415,,,,,,0.0
416,,,,,,1.0
417,,,,,,1.0
418,,,,,,0.0
419,,,,,,0.0
420,,,,,,0.0
421,,,,,,0.0
422,,,,,,0.0
423,,,,,,0.0
424,,,,,,0.0
425,,,,,,0.0
426,,,,,,1.0
427,,,,,,1.0
428,,,,,,0.0
429,,,,,,1.0
430,,,,,,1.0
431,,,,,,1.0
432,,,,,,1.0
433,,,,,,0.0
434,,,,,,0.0
435,,,,,,1.0
436,,,,,,0.0
437,,,,,,1.0
438,,,,,,0.0
439,,,,,,0.0
440,,,,,,1.0
441,,,,,,0.0
442,,,,,,0.0
443,,,,,,1.0
444,,,,,,1.0
445,,,,,,1.0
446,,,,,,1.0
447,,,,,,1.0
448,,,,,,1.0
449,,,,,,1.0
450,,,,,,0.0
451,,,,,,0.0
452,,,,,,0.0
453,,,,,,1.0
454,,,,,,0.0
455,,,,,,1.0
456,,,,,,0.0
457,,,,,,1.0
458,,,,,,1.0
459,,,,,,0.0
460,,,,,,1.0
461,,,,,,0.0
462,,,,,,0.0
463,,,,,,0.0
464,,,,,,0.0
465,,,,,,0.0
466,,,,,,0.0
467,,,,,,0.0
468,,,,,,0.0
469,,,,,,1.0
470,,,,,,0.0
471,,,,,,0.0
472,,,,,,1.0
473,,,,,,1.0
474,,,,,,0.0
475,,,,,,0.0
476,,,,,,0.0
477,,,,,,0.0
478,,,,,,0.0
479,,,,,,1.0
480,,,,,,0.0
481,,,,,,0.0
482,,,,,,0.0
483,,,,,,1.0
484,,,,,,1.0
485,,,,,,0.0
486,,,,,,1.0
487,,,,,,0.0
488,,,,,,0.0
489,,,,,,1.0
490,,,,,,0.0
491,,,,,,0.0
492,,,,,,0.0
493,,,,,,0.0
494,,,,,,0.0
495,,,,,,0.0
496,,,,,,1.0
497,,,,,,0.0
498,,,,,,0.0
499,,,,,,0.0
500,,,,,,0.0
501,,,,,,0.0
502,,,,,,0.0
503,,,,,,0.0
504,,,,,,1.0
505,,,,,,0.0
506,,,,,,1.0
507,,,,,,1.0
508,,,,,,0.0
509,,,,,,1.0
510,,,,,,1.0
511,,,,,,0.0
512,,,,,,1.0
513,,,,,,1.0
514,,,,,,0.0
515,,,,,,0.0
516,,,,,,1.0
517,,,,,,0.0
518,,,,,,1.0
519,,,,,,0.0
520,,,,,,1.0
521,,,,,,0.0
522,,,,,,0.0
523,,,,,,1.0
524,,,,,,0.0
525,,,,,,0.0
526,,,,,,1.0
527,,,,,,0.0
528,,,,,,0.0
529,,,,,,0.0
530,,,,,,1.0
531,,,,,,0.0
532,,,,,,0.0
533,,,,,,1.0
534,,,,,,0.0
535,,,,,,1.0
536,,,,,,0.0
537,,,,,,1.0
538,,,,,,0.0
539,,,,,,1.0
540,,,,,,1.0
541,,,,,,0.0
542,,,,,,0.0
543,,,,,,1.0
544,,,,,,0.0
545,,,,,,0.0
546,,,,,,1.0
547,,,,,,1.0
548,,,,,,0.0
549,,,,,,1.0
550,,,,,,1.0
551,,,,,,0.0
552,,,,,,0.0
553,,,,,,1.0
554,,,,,,1.0
555,,,,,,0.0
556,,,,,,1.0
557,,,,,,0.0
558,,,,,,1.0
559,,,,,,1.0
560,,,,,,0.0
561,,,,,,0.0
562,,,,,,0.0
563,,,,,,0.0
564,,,,,,0.0
565,,,,,,0.0
566,,,,,,0.0
567,,,,,,0.0
568,,,,,,0.0
569,,,,,,1.0
570,,,,,,1.0
571,,,,,,1.0
572,,,,,,1.0
573,,,,,,1.0
574,,,,,,0.0
575,,,,,,0.0
576,,,,,,1.0
577,,,,,,1.0
578,,,,,,0.0
579,,,,,,1.0
580,,,,,,1.0
581,,,,,,1.0
582,,,,,,0.0
583,,,,,,0.0
584,,,,,,0.0
585,,,,,,1.0
586,,,,,,0.0
587,,,,,,1.0
588,,,,,,0.0
589,,,,,,0.0
590,,,,,,0.0
591,,,,,,1.0
592,,,,,,0.0
593,,,,,,0.0
594,,,,,,0.0
595,,,,,,0.0
596,,,,,,1.0
597,,,,,,0.0
598,,,,,,0.0
599,,,,,,1.0
600,,,,,,1.0
601,,,,,,0.0
602,,,,,,0.0
603,,,,,,0.0
604,,,,,,1.0
605,,,,,,0.0
606,,,,,,0.0
607,,,,,,1.0
608,,,,,,1.0
609,,,,,,1.0
610,,,,,,0.0
611,,,,,,0.0
612,,,,,,1.0
613,,,,,,0.0
614,,,,,,0.0
615,,,,,,1.0
616,,,,,,0.0
617,,,,,,0.0
618,,,,,,1.0
619,,,,,,0.0
620,,,,,,0.0
621,,,,,,1.0
622,,,,,,1.0
623,,,,,,0.0
624,,,,,,0.0
625,,,,,,0.0
626,,,,,,0.0
627,,,,,,1.0
628,,,,,,0.0
629,,,,,,0.0
630,,,,,,1.0
631,,,,,,0.0
632,,,,,,1.0
633,,,,,,0.0
634,,,,,,0.0
635,,,,,,1.0
636,,,,,,0.0
637,,,,,,0.0
638,,,,,,0.0
639,,,,,,0.0
640,,,,,,0.0
641,,,,,,1.0
642,,,,,,0.0
643,,,,,,1.0
644,,,,,,1.0
645,,,,,,1.0
646,,,,,,0.0
647,,,,,,1.0
648,,,,,,0.0
649,,,,,,1.0
650,,,,,,0.0
651,,,,,,1.0
652,,,,,,0.0
653,,,,,,1.0
654,,,,,,0.0
655,,,,,,0.0
656,,,,,,0.0
657,,,,,,0.0
658,,,,,,0.0
659,,,,,,0.0
660,,,,,,1.0
661,,,,,,0.0
662,,,,,,0.0
663,,,,,,0.0
664,,,,,,1.0
665,,,,,,0.0
666,,,,,,0.0
667,,,,,,0.0
668,,,,,,0.0
669,,,,,,1.0
670,,,,,,1.0
671,,,,,,0.0
672,,,,,,0.0
673,,,,,,1.0
674,,,,,,0.0
675,,,,,,0.0
676,,,,,,0.0
677,,,,,,1.0
678,,,,,,0.0
679,,,,,,1.0
680,,,,,,0.0
681,,,,,,1.0
682,,,,,,0.0
683,,,,,,0.0
684,,,,,,0.0
685,,,,,,0.0
686,,,,,,0.0
687,,,,,,0.0
688,,,,,,0.0
689,,,,,,1.0
690,,,,,,1.0
691,,,,,,1.0
692,,,,,,1.0
693,,,,,,0.0
694,,,,,,0.0
695,,,,,,0.0
696,,,,,,0.0
697,,,,,,1.0
698,,,,,,0.0
699,,,,,,0.0
700,,,,,,1.0
701,,,,,,1.0
702,,,,,,0.0
703,,,,,,0.0
704,,,,,,0.0
705,,,,,,0.0
706,,,,,,1.0
707,,,,,,1.0
708,,,,,,1.0
709,,,,,,1.0
710,,,,,,1.0
711,,,,,,0.0
712,,,,,,1.0
713,,,,,,0.0
714,,,,,,0.0
715,,,,,,0.0
716,,,,,,1.0
717,,,,,,1.0
718,,,,,,0.0
719,,,,,,0.0
720,,,,,,1.0
721,,,,,,0.0
722,,,,,,0.0
723,,,,,,0.0
724,,,,,,1.0
725,,,,,,0.0
726,,,,,,1.0
727,,,,,,1.0
728,,,,,,0.0
729,,,,,,0.0
730,,,,,,1.0
731,,,,,,0.0
732,,,,,,0.0
733,,,,,,0.0
734,,,,,,0.0
735,,,,,,0.0
736,,,,,,0.0
737,,,,,,1.0
738,,,,,,0.0
739,,,,,,0.0
740,,,,,,1.0
741,,,,,,0.0
742,,,,,,1.0
743,,,,,,0.0
744,,,,,,1.0
745,,,,,,0.0
746,,,,,,0.0
747,,,,,,1.0
748,,,,,,0.0
749,,,,,,0.0
750,,,,,,1.0
751,,,,,,1.0
752,,,,,,0.0
753,,,,,,0.0
754,,,,,,1.0
755,,,,,,1.0
756,,,,,,0.0
757,,,,,,0.0
758,,,,,,0.0
759,,,,,,1.0
760,,,,,,0.0
761,,,,,,0.0
762,,,,,,1.0
763,,,,,,1.0
764,,,,,,0.0
765,,,,,,1.0
766,,,,,,0.0
767,,,,,,0.0
768,,,,,,0.0
769,,,,,,0.0
770,,,,,,0.0
771,,,,,,0.0
772,,,,,,0.0
773,,,,,,0.0
774,,,,,,1.0
775,,,,,,0.0
776,,,,,,0.0
777,,,,,,1.0
778,,,,,,0.0
779,,,,,,1.0
780,,,,,,1.0
781,,,,,,1.0
782,,,,,,0.0
783,,,,,,0.0
784,,,,,,0.0
785,,,,,,0.0
786,,,,,,1.0
787,,,,,,0.0
788,,,,,,1.0
789,,,,,,0.0
790,,,,,,0.0
791,,,,,,0.0
792,,,,,,0.0
793,,,,,,0.0
794,,,,,,0.0
795,,,,,,0.0
796,,,,,,1.0
797,,,,,,1.0
798,,,,,,0.0
799,,,,,,0.0
800,,,,,,0.0
801,,,,,,1.0
802,,,,,,1.0
803,,,,,,1.0
804,,,,,,1.0
805,,,,,,0.0
806,,,,,,0.0
807,,,,,,0.0
808,,,,,,0.0
809,,,,,,1.0
810,,,,,,0.0
811,,,,,,0.0
812,,,,,,0.0
813,,,,,,0.0
814,,,,,,0.0
815,,,,,,0.0
816,,,,,,0.0
817,,,,,,0.0
818,,,,,,0.0
819,,,,,,0.0
820,,,,,,1.0
821,,,,,,1.0
822,,,,,,0.0
823,,,,,,1.0
824,,,,,,0.0
825,,,,,,0.0
826,,,,,,0.0
827,,,,,,1.0
828,,,,,,1.0
829,,,,,,1.0
830,,,,,,1.0
831,,,,,,1.0
832,,,,,,0.0
833,,,,,,0.0
834,,,,,,0.0
835,,,,,,1.0
836,,,,,,0.0
837,,,,,,0.0
838,,,,,,1.0
839,,,,,,1.0
840,,,,,,0.0
841,,,,,,0.0
842,,,,,,1.0
843,,,,,,0.0
844,,,,,,0.0
845,,,,,,0.0
846,,,,,,0.0
847,,,,,,0.0
848,,,,,,0.0
849,,,,,,1.0
850,,,,,,0.0
851,,,,,,0.0
852,,,,,,0.0
853,,,,,,1.0
854,,,,,,0.0
855,,,,,,1.0
856,,,,,,1.0
857,,,,,,1.0
858,,,,,,1.0
859,,,,,,0.0
860,,,,,,0.0
861,,,,,,0.0
862,,,,,,1.0
863,,,,,,0.0
864,,,,,,0.0
865,,,,,,1.0
866,,,,,,1.0
867,,,,,,0.0
868,,,,,,0.0
869,,,,,,1.0
870,,,,,,0.0
871,,,,,,1.0
872,,,,,,0.0
873,,,,,,0.0
874,,,,,,1.0
875,,,,,,1.0
876,,,,,,0.0
877,,,,,,0.0
878,,,,,,0.0
879,,,,,,1.0
880,,,,,,1.0
881,,,,,,0.0
882,,,,,,0.0
883,,,,,,0.0
884,,,,,,0.0
885,,,,,,0.0
886,,,,,,0.0
887,,,,,,1.0
888,,,,,,0.0
889,,,,,,1.0
890,,,,,,0.0
